"","Q64","Q63","S3_1_1","S3_2_1","S3_4_1_1","S3_4_1_2","S3_5_1","S3_6_1_1","S3_6_1_2","S3_7_1_1","S3_7_1_2","S3_8_1_1","S3_8_1_2","Studie3sel"
"1",52,2,1,5,1,NA,4,1,NA,1,NA,1,NA,1
"2",30,2,2,3,4,NA,4,5,NA,4,NA,4,NA,1
"3",64,2,1,4,5,NA,2,2,NA,4,NA,3,NA,1
"4",43,2,2,2,4,NA,4,7,NA,7,NA,7,NA,1
"5",74,1,2,7,4,NA,4,4,NA,7,NA,7,NA,1
"6",51,2,1,4,1,NA,1,4,NA,2,NA,7,NA,1
"7",58,1,2,7,7,NA,7,6,NA,6,NA,7,NA,1
"8",55,1,2,4,4,NA,4,6,NA,6,NA,5,NA,1
"9",68,2,2,3,3,NA,3,3,NA,7,NA,7,NA,1
"10",32,1,2,5,6,NA,6,5,NA,6,NA,6,NA,1
"11",56,1,2,1,3,NA,4,5,NA,6,NA,6,NA,1
"12",23,1,2,4,4,NA,4,5,NA,5,NA,5,NA,1
"13",62,2,2,3,3,NA,3,3,NA,4,NA,6,NA,1
"14",71,1,1,6,1,NA,1,1,NA,1,NA,1,NA,1
"15",47,2,2,1,7,NA,7,1,NA,1,NA,7,NA,1
"16",65,2,2,7,6,NA,2,6,NA,7,NA,7,NA,1
"17",74,2,1,2,4,NA,4,2,NA,1,NA,7,NA,1
"18",50,2,2,4,5,NA,5,5,NA,5,NA,5,NA,1
"19",55,2,1,4,3,NA,3,3,NA,4,NA,4,NA,1
"20",74,1,1,2,3,NA,3,7,NA,7,NA,7,NA,1
"21",74,1,1,6,1,NA,2,1,NA,1,NA,2,NA,1
"22",65,1,2,7,5,NA,5,7,NA,7,NA,7,NA,1
"23",20,2,2,5,5,NA,6,7,NA,7,NA,7,NA,1
"24",45,2,2,4,4,NA,4,4,NA,4,NA,4,NA,1
"25",74,1,1,3,2,NA,1,7,NA,7,NA,7,NA,1
"26",75,2,1,7,3,NA,3,1,NA,4,NA,4,NA,1
"27",27,1,2,7,5,NA,5,5,NA,5,NA,3,NA,1
"28",58,1,2,5,6,NA,6,7,NA,7,NA,7,NA,1
"29",38,2,1,3,7,NA,7,7,NA,7,NA,7,NA,1
"30",74,2,1,7,1,NA,1,1,NA,1,NA,1,NA,1
"31",68,2,2,2,4,NA,4,4,NA,5,NA,4,NA,1
"32",43,2,2,1,7,NA,7,7,NA,7,NA,7,NA,1
"33",75,1,1,2,2,NA,2,2,NA,3,NA,3,NA,1
"34",72,1,2,6,6,NA,6,7,NA,7,NA,7,NA,1
"35",48,2,1,5,4,NA,4,2,NA,4,NA,4,NA,1
"36",57,2,2,3,3,NA,3,3,NA,3,NA,5,NA,1
"37",25,1,2,4,4,NA,4,5,NA,5,NA,7,NA,1
"38",70,2,2,7,1,NA,4,7,NA,7,NA,5,NA,1
"39",42,1,2,5,6,NA,5,6,NA,6,NA,6,NA,1
"40",50,1,1,1,1,NA,1,1,NA,1,NA,5,NA,1
"41",68,1,1,7,7,NA,1,7,NA,7,NA,4,NA,1
"42",46,2,1,5,6,NA,6,1,NA,3,NA,3,NA,1
"43",21,1,2,4,6,NA,5,6,NA,7,NA,3,NA,1
"44",22,2,2,4,3,NA,2,4,NA,4,NA,4,NA,1
"45",61,2,1,4,2,NA,3,3,NA,2,NA,3,NA,1
"46",84,2,2,7,7,NA,7,7,NA,7,NA,7,NA,1
"47",60,2,1,3,3,NA,3,1,NA,4,NA,2,NA,1
"48",81,1,2,5,5,NA,5,5,NA,5,NA,5,NA,1
"49",30,1,1,2,6,NA,6,5,NA,7,NA,7,NA,1
"50",25,1,1,5,4,NA,3,1,NA,1,NA,2,NA,1
"51",61,2,2,3,3,NA,5,6,NA,6,NA,7,NA,1
"52",70,1,2,5,7,NA,7,7,NA,7,NA,7,NA,1
"53",34,1,2,1,3,NA,3,5,NA,6,NA,6,NA,1
"54",55,1,2,5,7,NA,5,7,NA,7,NA,1,NA,1
"55",60,1,1,6,6,NA,5,1,NA,7,NA,5,NA,1
"56",60,2,2,2,2,NA,4,5,NA,4,NA,5,NA,1
"57",70,1,1,4,6,NA,6,6,NA,7,NA,7,NA,1
"58",31,2,2,4,4,NA,4,4,NA,5,NA,6,NA,1
"59",69,1,2,3,5,NA,4,6,NA,7,NA,6,NA,1
"60",28,1,1,6,1,NA,1,1,NA,1,NA,1,NA,1
"61",57,2,1,3,2,NA,3,1,NA,2,NA,2,NA,1
"62",54,1,2,3,4,NA,4,4,NA,3,NA,6,NA,1
"63",56,1,2,5,7,NA,7,7,NA,7,NA,7,NA,1
"64",60,2,2,1,4,NA,4,4,NA,5,NA,4,NA,1
"65",27,1,2,2,7,NA,6,7,NA,7,NA,7,NA,1
"66",67,1,1,5,2,NA,4,1,NA,3,NA,4,NA,1
"67",45,2,1,4,4,NA,5,2,NA,7,NA,7,NA,1
"68",75,1,2,5,4,NA,3,6,NA,7,NA,7,NA,1
"69",79,1,2,6,5,NA,6,6,NA,6,NA,6,NA,1
"70",34,1,2,3,3,NA,4,6,NA,6,NA,7,NA,1
"71",37,1,2,4,4,NA,4,6,NA,6,NA,7,NA,1
"72",37,1,1,3,6,NA,5,2,NA,4,NA,4,NA,1
"73",34,2,1,1,1,NA,1,1,NA,4,NA,4,NA,1
"74",55,2,1,2,3,NA,3,3,NA,4,NA,4,NA,1
"75",22,2,2,3,3,NA,3,3,NA,4,NA,4,NA,1
"76",73,1,2,5,7,NA,7,7,NA,7,NA,7,NA,1
"77",31,1,1,1,3,NA,3,2,NA,3,NA,3,NA,1
"78",63,2,1,4,5,NA,4,3,NA,4,NA,4,NA,1
"79",77,2,2,4,3,NA,3,4,NA,5,NA,5,NA,1
"80",39,1,1,3,4,NA,4,4,NA,6,NA,5,NA,1
"81",67,2,2,4,5,NA,5,6,NA,6,NA,6,NA,1
"82",36,1,1,5,2,NA,2,1,NA,5,NA,4,NA,1
"83",76,1,2,7,1,NA,1,1,NA,2,NA,1,NA,1
"84",38,1,1,3,4,NA,5,6,NA,6,NA,6,NA,1
"85",69,2,1,3,3,NA,4,4,NA,5,NA,3,NA,1
"86",69,1,2,6,7,NA,7,7,NA,7,NA,7,NA,1
"87",69,2,2,4,5,NA,5,4,NA,4,NA,5,NA,1
"88",37,1,2,5,6,NA,6,6,NA,7,NA,6,NA,1
"89",38,1,1,6,7,NA,7,1,NA,6,NA,6,NA,1
"90",54,1,2,7,7,NA,7,7,NA,7,NA,7,NA,1
"91",71,1,1,2,2,NA,3,2,NA,2,NA,6,NA,1
"92",67,1,2,7,2,NA,2,7,NA,7,NA,7,NA,1
"93",69,2,2,1,7,NA,7,7,NA,3,NA,7,NA,1
"94",73,1,2,6,7,NA,5,7,NA,7,NA,7,NA,1
"95",36,1,2,3,4,NA,3,5,NA,5,NA,6,NA,1
"96",33,2,2,2,6,NA,6,6,NA,7,NA,7,NA,1
"97",31,2,2,7,4,NA,4,7,NA,7,NA,7,NA,1
"98",69,1,1,2,7,NA,7,7,NA,7,NA,7,NA,1
"99",75,1,1,7,2,NA,2,2,NA,1,NA,6,NA,1
"100",27,1,2,5,6,NA,6,6,NA,6,NA,6,NA,1
"101",72,2,2,5,5,NA,5,5,NA,5,NA,6,NA,1
"102",83,2,1,7,1,NA,1,4,NA,2,NA,6,NA,1
"103",55,1,1,6,2,NA,1,7,NA,7,NA,4,NA,1
"104",26,2,2,4,4,NA,4,5,NA,7,NA,6,NA,1
"105",59,1,1,5,4,NA,4,4,NA,5,NA,5,NA,1
"106",80,2,1,4,2,NA,2,2,NA,1,NA,3,NA,1
"107",53,1,1,6,1,NA,1,3,NA,5,NA,4,NA,1
"108",69,1,2,2,7,NA,7,7,NA,7,NA,7,NA,1
"109",80,2,1,5,5,NA,4,4,NA,3,NA,4,NA,1
"110",57,2,1,1,4,NA,4,1,NA,5,NA,4,NA,1
"111",32,2,2,4,5,NA,4,7,NA,7,NA,7,NA,1
"112",50,1,2,6,6,NA,4,6,NA,6,NA,7,NA,1
"113",81,2,1,4,4,NA,4,1,NA,1,NA,1,NA,1
"114",55,2,2,3,3,NA,2,2,NA,2,NA,2,NA,1
"115",48,1,2,6,7,NA,7,6,NA,7,NA,5,NA,1
"116",41,2,1,2,4,NA,4,2,NA,4,NA,4,NA,1
"117",38,2,1,4,4,NA,4,1,NA,4,NA,4,NA,1
"118",41,1,1,4,2,NA,2,1,NA,5,NA,4,NA,1
"119",35,2,2,5,4,NA,2,5,NA,7,NA,7,NA,1
"120",28,2,1,6,2,NA,2,1,NA,1,NA,2,NA,1
"121",49,2,1,7,4,NA,4,4,NA,1,NA,1,NA,1
"122",35,2,1,7,1,NA,1,1,NA,1,NA,1,NA,1
"123",21,2,2,6,5,NA,7,5,NA,5,NA,6,NA,1
"124",59,1,1,3,7,NA,7,5,NA,7,NA,3,NA,1
"125",54,2,2,7,4,NA,4,7,NA,7,NA,7,NA,1
"126",68,2,2,2,4,NA,3,5,NA,7,NA,7,NA,1
"127",41,1,1,4,4,NA,4,4,NA,4,NA,4,NA,1
"128",49,1,2,2,4,NA,4,4,NA,5,NA,5,NA,1
"129",36,1,2,3,2,NA,2,2,NA,2,NA,4,NA,1
"130",82,2,1,1,1,NA,1,1,NA,1,NA,7,NA,1
"131",80,2,1,4,4,NA,4,4,NA,7,NA,7,NA,1
"132",78,1,2,2,7,NA,7,7,NA,7,NA,4,NA,1
"133",78,2,2,7,3,NA,4,2,NA,3,NA,3,NA,1
"134",77,1,2,6,5,NA,5,6,NA,6,NA,6,NA,1
"135",75,1,2,2,2,NA,2,1,NA,5,NA,4,NA,1
"136",75,2,2,1,6,NA,6,7,NA,7,NA,7,NA,1
"137",73,2,2,6,5,NA,3,7,NA,7,NA,7,NA,1
"138",72,2,2,3,3,NA,3,3,NA,3,NA,3,NA,1
"139",71,2,2,4,6,NA,6,5,NA,6,NA,7,NA,1
"140",69,1,2,4,7,NA,6,7,NA,7,NA,7,NA,1
"141",69,2,2,6,6,NA,6,6,NA,7,NA,3,NA,1
"142",68,1,1,5,3,NA,3,2,NA,2,NA,2,NA,1
"143",66,2,2,7,6,NA,6,7,NA,7,NA,7,NA,1
"144",65,2,2,3,1,NA,1,4,NA,2,NA,6,NA,1
"145",64,1,2,4,6,NA,7,6,NA,6,NA,6,NA,1
"146",64,2,2,3,6,NA,5,4,NA,7,NA,6,NA,1
"147",63,1,1,6,7,NA,6,7,NA,7,NA,7,NA,1
"148",63,2,1,6,4,NA,4,1,NA,4,NA,4,NA,1
"149",62,1,2,4,7,NA,5,7,NA,7,NA,7,NA,1
"150",62,1,1,4,1,NA,1,1,NA,1,NA,4,NA,1
"151",62,1,2,7,7,NA,6,7,NA,7,NA,7,NA,1
"152",61,1,2,2,4,NA,4,6,NA,7,NA,7,NA,1
"153",61,2,2,5,7,NA,7,7,NA,7,NA,7,NA,1
"154",61,1,2,6,4,NA,5,4,NA,6,NA,6,NA,1
"155",59,2,2,7,1,NA,1,1,NA,7,NA,7,NA,1
"156",57,1,2,3,4,NA,5,5,NA,5,NA,5,NA,1
"157",55,1,2,5,5,NA,5,7,NA,7,NA,7,NA,1
"158",54,1,2,2,7,NA,7,7,NA,7,NA,7,NA,1
"159",52,2,2,7,7,NA,7,7,NA,7,NA,7,NA,1
"160",50,2,1,3,3,NA,3,6,NA,6,NA,7,NA,1
"161",45,1,2,4,3,NA,4,6,NA,5,NA,3,NA,1
"162",45,1,2,4,5,NA,5,7,NA,7,NA,7,NA,1
"163",43,1,2,6,4,NA,4,7,NA,7,NA,7,NA,1
"164",42,2,2,5,2,NA,3,7,NA,7,NA,7,NA,1
"165",41,1,2,4,5,NA,5,6,NA,6,NA,7,NA,1
"166",41,1,2,2,6,NA,6,4,NA,1,NA,6,NA,1
"167",39,1,2,5,5,NA,5,5,NA,5,NA,5,NA,1
"168",38,1,1,5,5,NA,5,7,NA,7,NA,7,NA,1
"169",46,2,2,4,4,NA,3,5,NA,5,NA,7,NA,1
"170",34,1,2,5,4,NA,4,5,NA,6,NA,5,NA,1
"171",21,1,2,2,4,NA,4,5,NA,7,NA,7,NA,1
"172",29,1,1,7,4,NA,4,1,NA,2,NA,1,NA,1
"173",27,1,1,3,3,NA,4,3,NA,5,NA,4,NA,1
"174",22,2,1,3,3,NA,3,3,NA,2,NA,2,NA,1
"175",19,2,1,1,4,NA,4,4,NA,4,NA,4,NA,1
"176",19,2,2,4,3,NA,4,6,NA,6,NA,6,NA,1
"177",19,1,1,2,4,NA,3,4,NA,5,NA,6,NA,1
"178",19,2,1,4,2,NA,2,4,NA,2,NA,4,NA,1
"179",40,2,2,4,3,NA,3,3,NA,3,NA,3,NA,2
"180",76,2,2,4,5,NA,5,4,NA,5,NA,4,NA,2
"181",59,1,1,3,5,NA,4,7,NA,7,NA,7,NA,2
"182",21,1,1,2,3,NA,3,3,NA,4,NA,4,NA,2
"183",50,1,1,3,7,NA,5,4,NA,6,NA,7,NA,2
"184",68,2,2,5,7,NA,1,7,NA,7,NA,1,NA,2
"185",72,1,2,3,4,NA,4,4,NA,5,NA,5,NA,2
"186",68,2,1,5,7,NA,6,1,NA,5,NA,5,NA,2
"187",45,1,2,2,3,NA,5,2,NA,5,NA,6,NA,2
"188",50,2,1,6,3,NA,3,1,NA,1,NA,1,NA,2
"189",32,1,2,2,2,NA,4,4,NA,6,NA,7,NA,2
"190",73,1,2,7,1,NA,1,7,NA,7,NA,7,NA,2
"191",66,1,1,7,1,NA,1,1,NA,1,NA,1,NA,2
"192",78,1,1,1,1,NA,1,1,NA,1,NA,1,NA,2
"193",80,2,1,1,1,NA,1,1,NA,4,NA,1,NA,2
"194",45,2,1,1,3,NA,3,2,NA,5,NA,6,NA,2
"195",50,1,2,1,3,NA,3,3,NA,4,NA,4,NA,2
"196",65,2,2,3,5,NA,4,7,NA,7,NA,7,NA,2
"197",64,1,1,7,1,NA,1,1,NA,1,NA,1,NA,2
"198",63,2,1,6,1,NA,1,1,NA,1,NA,7,NA,2
"199",38,1,2,7,7,NA,7,7,NA,7,NA,7,NA,2
"200",75,2,2,6,5,NA,6,7,NA,7,NA,7,NA,2
"201",26,1,1,1,6,NA,5,2,NA,3,NA,6,NA,2
"202",41,2,2,5,6,NA,6,6,NA,7,NA,7,NA,2
"203",65,2,2,5,2,NA,5,5,NA,1,NA,5,NA,2
"204",81,2,2,4,4,NA,4,7,NA,7,NA,7,NA,2
"205",56,1,1,7,4,NA,4,4,NA,7,NA,7,NA,2
"206",56,2,2,2,6,NA,6,5,NA,6,NA,7,NA,2
"207",25,1,2,3,6,NA,5,7,NA,7,NA,7,NA,2
"208",50,2,2,4,2,NA,2,7,NA,7,NA,6,NA,2
"209",70,1,2,1,4,NA,1,3,NA,1,NA,6,NA,2
"210",63,1,1,4,4,NA,5,2,NA,2,NA,2,NA,2
"211",38,1,1,2,2,NA,2,1,NA,2,NA,7,NA,2
"212",73,1,1,5,5,NA,5,5,NA,2,NA,5,NA,2
"213",26,1,2,5,1,NA,1,1,NA,4,NA,6,NA,2
"214",62,2,1,3,2,NA,3,3,NA,3,NA,4,NA,2
"215",41,1,2,2,7,NA,4,6,NA,6,NA,6,NA,2
"216",55,1,2,2,7,NA,6,7,NA,7,NA,7,NA,2
"217",58,2,1,4,1,NA,1,1,NA,1,NA,4,NA,2
"218",39,2,2,2,5,NA,1,7,NA,7,NA,7,NA,2
"219",40,2,2,2,7,NA,7,4,NA,7,NA,7,NA,2
"220",69,1,2,6,5,NA,3,6,NA,5,NA,6,NA,2
"221",33,1,2,2,5,NA,4,6,NA,7,NA,5,NA,2
"222",49,1,2,2,6,NA,6,6,NA,7,NA,6,NA,2
"223",60,2,2,5,6,NA,5,5,NA,5,NA,6,NA,2
"224",78,2,2,4,4,NA,3,5,NA,5,NA,5,NA,2
"225",20,2,1,5,3,NA,3,2,NA,5,NA,5,NA,2
"226",65,1,2,6,5,NA,4,7,NA,7,NA,7,NA,2
"227",74,1,1,2,6,NA,6,2,NA,6,NA,7,NA,2
"228",71,1,1,3,1,NA,1,1,NA,7,NA,1,NA,2
"229",81,1,2,6,5,NA,5,6,NA,7,NA,7,NA,2
"230",85,1,1,4,7,NA,7,1,NA,1,NA,4,NA,2
"231",20,1,2,4,4,NA,4,4,NA,5,NA,5,NA,2
"232",56,2,2,4,4,NA,5,7,NA,7,NA,4,NA,2
"233",25,2,2,4,3,NA,4,3,NA,3,NA,4,NA,2
"234",33,2,1,5,1,NA,1,1,NA,1,NA,1,NA,2
"235",61,1,2,6,6,NA,6,6,NA,7,NA,7,NA,2
"236",52,1,2,4,7,NA,7,7,NA,7,NA,7,NA,2
"237",73,2,2,7,5,NA,5,6,NA,7,NA,7,NA,2
"238",39,2,1,5,6,NA,5,2,NA,5,NA,4,NA,2
"239",67,2,2,7,7,NA,7,7,NA,7,NA,7,NA,2
"240",63,1,1,5,7,NA,7,4,NA,7,NA,7,NA,2
"241",75,2,2,7,7,NA,7,7,NA,7,NA,7,NA,2
"242",22,1,2,7,7,NA,7,6,NA,7,NA,7,NA,2
"243",46,1,2,2,4,NA,4,4,NA,4,NA,4,NA,2
"244",56,1,2,6,7,NA,5,7,NA,7,NA,7,NA,2
"245",53,2,1,7,7,NA,7,1,NA,7,NA,7,NA,2
"246",65,2,1,3,6,NA,4,4,NA,4,NA,3,NA,2
"247",30,1,2,4,4,NA,4,4,NA,6,NA,7,NA,2
"248",62,1,1,2,6,NA,6,3,NA,5,NA,6,NA,2
"249",34,1,2,6,3,NA,2,7,NA,7,NA,5,NA,2
"250",68,2,2,6,3,NA,4,4,NA,6,NA,4,NA,2
"251",52,1,1,6,6,NA,6,7,NA,7,NA,7,NA,2
"252",43,2,1,4,6,NA,5,1,NA,3,NA,4,NA,2
"253",66,1,2,5,6,NA,5,5,NA,5,NA,6,NA,2
"254",71,1,2,5,7,NA,7,7,NA,7,NA,7,NA,2
"255",44,2,2,3,3,NA,4,4,NA,6,NA,6,NA,2
"256",62,1,1,4,6,NA,6,5,NA,7,NA,6,NA,2
"257",50,2,2,1,7,NA,7,4,NA,7,NA,7,NA,2
"258",62,2,1,3,3,NA,3,4,NA,3,NA,4,NA,2
"259",45,1,2,6,4,NA,3,1,NA,3,NA,1,NA,2
"260",62,2,2,7,5,NA,5,7,NA,7,NA,7,NA,2
"261",65,1,1,4,5,NA,5,3,NA,7,NA,6,NA,2
"262",36,2,1,2,4,NA,4,4,NA,4,NA,2,NA,2
"263",62,2,2,2,4,NA,2,4,NA,6,NA,6,NA,2
"264",74,2,1,7,7,NA,7,7,NA,7,NA,7,NA,2
"265",74,2,2,4,2,NA,2,2,NA,5,NA,5,NA,2
"266",25,1,2,3,5,NA,5,4,NA,6,NA,7,NA,2
"267",36,2,1,6,4,NA,4,1,NA,1,NA,1,NA,2
"268",62,2,2,5,4,NA,4,5,NA,7,NA,6,NA,2
"269",62,2,2,6,4,NA,5,6,NA,6,NA,6,NA,2
"270",82,1,1,4,2,NA,3,6,NA,6,NA,2,NA,2
"271",33,1,2,6,7,NA,7,2,NA,5,NA,7,NA,2
"272",47,2,2,5,6,NA,5,3,NA,6,NA,6,NA,2
"273",29,1,1,2,5,NA,5,2,NA,4,NA,6,NA,2
"274",36,2,1,3,3,NA,4,3,NA,2,NA,4,NA,2
"275",32,2,2,3,7,NA,7,4,NA,4,NA,7,NA,2
"276",31,2,1,6,6,NA,5,1,NA,4,NA,4,NA,2
"277",20,1,2,1,7,NA,5,5,NA,7,NA,7,NA,2
"278",22,2,1,4,1,NA,1,2,NA,2,NA,3,NA,2
"279",30,2,1,4,3,NA,4,3,NA,5,NA,6,NA,2
"280",75,2,2,5,4,NA,4,5,NA,6,NA,5,NA,2
"281",42,2,1,2,4,NA,4,4,NA,4,NA,4,NA,2
"282",36,2,2,4,4,NA,4,3,NA,3,NA,5,NA,2
"283",63,2,1,4,1,NA,1,1,NA,1,NA,1,NA,2
"284",69,1,2,4,5,NA,5,5,NA,5,NA,5,NA,2
"285",38,2,2,1,5,NA,5,4,NA,6,NA,7,NA,2
"286",71,2,1,4,3,NA,3,2,NA,3,NA,5,NA,2
"287",60,1,2,6,7,NA,4,5,NA,7,NA,4,NA,2
"288",70,2,2,2,5,NA,5,6,NA,6,NA,6,NA,2
"289",46,1,1,7,6,NA,6,1,NA,6,NA,3,NA,2
"290",83,1,1,5,7,NA,7,2,NA,4,NA,2,NA,2
"291",83,1,1,7,1,NA,7,7,NA,7,NA,7,NA,2
"292",81,1,2,5,4,NA,4,6,NA,7,NA,7,NA,2
"293",79,2,1,4,3,NA,3,1,NA,6,NA,6,NA,2
"294",74,2,2,7,4,NA,2,7,NA,7,NA,7,NA,2
"295",74,2,2,5,7,NA,7,7,NA,7,NA,7,NA,2
"296",73,1,2,5,2,NA,2,6,NA,6,NA,6,NA,2
"297",72,1,1,3,6,NA,6,3,NA,6,NA,5,NA,2
"298",71,1,2,3,4,NA,4,5,NA,5,NA,4,NA,2
"299",68,1,1,5,2,NA,3,2,NA,3,NA,3,NA,2
"300",68,1,1,4,7,NA,7,2,NA,7,NA,2,NA,2
"301",67,2,2,4,4,NA,4,6,NA,7,NA,7,NA,2
"302",66,1,1,6,5,NA,4,6,NA,7,NA,7,NA,2
"303",66,2,1,3,3,NA,3,4,NA,4,NA,4,NA,2
"304",65,2,1,1,7,NA,6,5,NA,5,NA,7,NA,2
"305",64,2,2,5,5,NA,6,7,NA,7,NA,7,NA,2
"306",64,1,2,3,5,NA,5,6,NA,7,NA,7,NA,2
"307",64,1,2,5,6,NA,6,7,NA,1,NA,7,NA,2
"308",63,2,1,4,4,NA,6,7,NA,5,NA,5,NA,2
"309",62,2,2,3,5,NA,5,6,NA,6,NA,6,NA,2
"310",62,1,1,3,3,NA,3,2,NA,3,NA,3,NA,2
"311",61,1,2,3,5,NA,5,5,NA,5,NA,6,NA,2
"312",60,2,1,6,4,NA,4,1,NA,6,NA,3,NA,2
"313",59,1,2,5,5,NA,5,6,NA,6,NA,6,NA,2
"314",59,2,2,3,7,NA,7,4,NA,7,NA,7,NA,2
"315",58,1,2,5,4,NA,4,5,NA,5,NA,4,NA,2
"316",58,2,1,1,5,NA,4,4,NA,5,NA,5,NA,2
"317",58,1,2,3,3,NA,2,3,NA,4,NA,4,NA,2
"318",58,2,1,7,5,NA,6,1,NA,1,NA,2,NA,2
"319",54,2,2,7,4,NA,4,7,NA,7,NA,1,NA,2
"320",53,2,2,3,4,NA,4,7,NA,4,NA,5,NA,2
"321",52,1,2,2,5,NA,5,4,NA,4,NA,5,NA,2
"322",52,1,2,1,5,NA,6,7,NA,7,NA,7,NA,2
"323",51,2,1,2,6,NA,4,4,NA,7,NA,7,NA,2
"324",51,1,2,7,6,NA,6,7,NA,7,NA,7,NA,2
"325",51,1,2,6,4,NA,4,5,NA,6,NA,7,NA,2
"326",51,1,1,4,4,NA,4,4,NA,4,NA,3,NA,2
"327",50,1,2,7,5,NA,6,7,NA,7,NA,6,NA,2
"328",50,1,1,2,2,NA,2,4,NA,4,NA,4,NA,2
"329",49,1,2,7,7,NA,7,7,NA,7,NA,7,NA,2
"330",47,2,2,4,4,NA,4,6,NA,7,NA,7,NA,2
"331",47,2,2,3,5,NA,5,7,NA,7,NA,7,NA,2
"332",46,2,2,7,3,NA,4,4,NA,7,NA,3,NA,2
"333",46,1,2,3,6,NA,6,6,NA,6,NA,6,NA,2
"334",44,1,2,6,5,NA,5,7,NA,7,NA,7,NA,2
"335",42,2,2,2,5,NA,2,6,NA,6,NA,6,NA,2
"336",42,2,1,2,3,NA,3,3,NA,4,NA,3,NA,2
"337",40,1,1,2,7,NA,7,2,NA,6,NA,6,NA,2
"338",40,2,1,2,3,NA,3,4,NA,3,NA,3,NA,2
"339",39,1,1,3,7,NA,7,2,NA,6,NA,6,NA,2
"340",39,2,1,5,7,NA,4,6,NA,6,NA,6,NA,2
"341",38,2,2,5,7,NA,6,5,NA,7,NA,7,NA,2
"342",36,1,1,2,2,NA,2,1,NA,2,NA,4,NA,2
"343",71,1,1,5,7,NA,5,1,NA,1,NA,1,NA,2
"344",34,1,1,3,5,NA,5,2,NA,6,NA,6,NA,2
"345",33,2,1,3,4,NA,4,4,NA,7,NA,5,NA,2
"346",32,2,1,3,4,NA,2,3,NA,5,NA,4,NA,2
"347",31,2,2,1,6,NA,5,7,NA,7,NA,7,NA,2
"348",27,2,1,2,4,NA,4,3,NA,3,NA,3,NA,2
"349",26,2,1,4,3,NA,3,3,NA,3,NA,3,NA,2
"350",26,1,1,6,6,NA,6,1,NA,3,NA,3,NA,2
"351",24,1,1,3,7,NA,7,6,NA,6,NA,5,NA,2
"352",22,1,2,3,5,NA,4,4,NA,6,NA,2,NA,2
"353",20,2,1,7,6,NA,5,1,NA,7,NA,5,NA,2
"354",20,1,2,6,6,NA,5,5,NA,5,NA,5,NA,2
"355",19,1,2,4,7,NA,5,6,NA,6,NA,7,NA,2
"356",19,2,2,1,4,NA,4,4,NA,5,NA,4,NA,2
"357",18,2,2,5,5,NA,5,5,NA,6,NA,6,NA,2
"358",58,1,1,3,1,NA,2,2,NA,2,NA,3,NA,3
"359",58,1,1,4,1,NA,3,3,NA,4,NA,4,NA,3
"360",29,1,1,5,2,NA,4,2,NA,4,NA,4,NA,3
"361",29,2,2,6,4,NA,4,5,NA,7,NA,4,NA,3
"362",61,2,1,4,3,NA,2,1,NA,3,NA,3,NA,3
"363",81,2,2,7,7,NA,4,7,NA,7,NA,7,NA,3
"364",80,2,1,3,4,NA,3,3,NA,6,NA,4,NA,3
"365",40,2,1,4,3,NA,2,2,NA,2,NA,3,NA,3
"366",58,1,2,2,5,NA,5,6,NA,6,NA,6,NA,3
"367",46,1,1,4,1,NA,1,1,NA,1,NA,4,NA,3
"368",29,1,1,2,4,NA,2,3,NA,4,NA,3,NA,3
"369",70,1,2,7,7,NA,7,7,NA,7,NA,7,NA,3
"370",37,2,2,2,6,NA,5,5,NA,6,NA,5,NA,3
"371",86,1,1,4,3,NA,4,4,NA,7,NA,5,NA,3
"372",79,1,1,3,2,NA,2,1,NA,2,NA,2,NA,3
"373",49,2,2,1,2,NA,2,2,NA,3,NA,3,NA,3
"374",64,1,1,2,4,NA,3,3,NA,4,NA,4,NA,3
"375",78,2,2,4,4,NA,4,6,NA,7,NA,7,NA,3
"376",59,1,2,3,6,NA,5,6,NA,6,NA,7,NA,3
"377",77,2,2,5,7,NA,7,7,NA,7,NA,7,NA,3
"378",45,2,2,3,2,NA,1,1,NA,4,NA,4,NA,3
"379",39,2,2,4,3,NA,3,6,NA,6,NA,6,NA,3
"380",63,1,2,6,6,NA,6,7,NA,7,NA,7,NA,3
"381",37,2,1,5,7,NA,7,2,NA,6,NA,7,NA,3
"382",41,1,2,1,2,NA,2,3,NA,4,NA,5,NA,3
"383",80,2,1,1,1,NA,1,1,NA,2,NA,5,NA,3
"384",71,1,1,3,3,NA,3,1,NA,2,NA,2,NA,3
"385",54,2,2,5,5,NA,4,5,NA,7,NA,7,NA,3
"386",64,2,1,4,4,NA,4,4,NA,4,NA,4,NA,3
"387",53,2,2,4,6,NA,4,6,NA,7,NA,7,NA,3
"388",47,2,2,6,5,NA,5,7,NA,7,NA,7,NA,3
"389",59,2,2,3,5,NA,4,5,NA,5,NA,5,NA,3
"390",70,2,1,5,2,NA,2,1,NA,2,NA,2,NA,3
"391",44,1,1,4,2,NA,2,2,NA,3,NA,3,NA,3
"392",53,1,1,6,1,NA,3,5,NA,6,NA,7,NA,3
"393",21,1,1,1,3,NA,3,5,NA,5,NA,5,NA,3
"394",83,2,2,4,5,NA,6,7,NA,7,NA,7,NA,3
"395",50,2,2,4,3,NA,3,5,NA,5,NA,6,NA,3
"396",49,1,2,1,4,NA,4,7,NA,7,NA,7,NA,3
"397",74,2,1,5,4,NA,5,7,NA,4,NA,7,NA,3
"398",43,2,2,2,5,NA,5,5,NA,5,NA,6,NA,3
"399",31,1,2,3,6,NA,3,6,NA,7,NA,6,NA,3
"400",47,2,1,1,4,NA,3,4,NA,1,NA,1,NA,3
"401",50,1,1,4,5,NA,5,2,NA,5,NA,3,NA,3
"402",74,2,2,7,5,NA,5,7,NA,7,NA,7,NA,3
"403",67,1,2,6,6,NA,6,6,NA,6,NA,7,NA,3
"404",50,2,1,6,6,NA,5,6,NA,3,NA,5,NA,3
"405",50,1,2,4,6,NA,6,7,NA,7,NA,7,NA,3
"406",29,2,2,3,3,NA,3,2,NA,2,NA,4,NA,3
"407",65,1,2,4,4,NA,4,7,NA,6,NA,6,NA,3
"408",33,2,2,5,7,NA,7,6,NA,7,NA,7,NA,3
"409",69,2,2,5,5,NA,5,7,NA,7,NA,7,NA,3
"410",53,2,2,3,4,NA,4,5,NA,5,NA,6,NA,3
"411",75,1,1,1,2,NA,7,3,NA,3,NA,2,NA,3
"412",75,2,2,3,6,NA,7,2,NA,5,NA,1,NA,3
"413",56,2,2,5,5,NA,3,7,NA,7,NA,7,NA,3
"414",29,1,1,2,2,NA,3,3,NA,3,NA,3,NA,3
"415",69,1,2,6,6,NA,6,6,NA,7,NA,7,NA,3
"416",41,1,2,2,7,NA,7,4,NA,7,NA,7,NA,3
"417",41,1,1,3,4,NA,4,1,NA,1,NA,1,NA,3
"418",34,2,1,6,3,NA,2,1,NA,4,NA,4,NA,3
"419",38,1,1,7,4,NA,6,1,NA,4,NA,4,NA,3
"420",40,1,1,5,2,NA,2,7,NA,7,NA,7,NA,3
"421",68,1,1,2,1,NA,2,1,NA,1,NA,2,NA,3
"422",66,2,2,3,3,NA,3,6,NA,6,NA,5,NA,3
"423",71,2,2,3,5,NA,5,6,NA,6,NA,6,NA,3
"424",76,2,1,6,4,NA,4,1,NA,5,NA,3,NA,3
"425",64,2,1,5,5,NA,6,7,NA,7,NA,7,NA,3
"426",70,2,2,3,7,NA,6,7,NA,7,NA,6,NA,3
"427",54,2,2,7,4,NA,4,7,NA,7,NA,7,NA,3
"428",45,1,2,3,5,NA,4,7,NA,7,NA,7,NA,3
"429",68,1,2,3,4,NA,3,4,NA,4,NA,4,NA,3
"430",66,2,2,5,4,NA,4,6,NA,6,NA,6,NA,3
"431",72,2,2,1,7,NA,7,7,NA,7,NA,7,NA,3
"432",60,1,2,4,5,NA,5,6,NA,6,NA,7,NA,3
"433",27,1,2,2,3,NA,2,5,NA,6,NA,4,NA,3
"434",52,1,2,4,2,NA,2,4,NA,5,NA,4,NA,3
"435",47,2,2,7,5,NA,7,7,NA,7,NA,7,NA,3
"436",86,2,2,4,3,NA,3,4,NA,4,NA,4,NA,3
"437",73,1,1,1,3,NA,3,1,NA,3,NA,3,NA,3
"438",60,1,2,3,4,NA,4,5,NA,6,NA,1,NA,3
"439",75,2,2,6,6,NA,4,4,NA,6,NA,7,NA,3
"440",30,1,2,4,5,NA,4,7,NA,7,NA,6,NA,3
"441",67,2,2,4,4,NA,3,3,NA,7,NA,5,NA,3
"442",66,1,1,4,5,NA,5,6,NA,7,NA,7,NA,3
"443",55,1,1,3,2,NA,1,1,NA,3,NA,2,NA,3
"444",64,2,1,7,5,NA,5,2,NA,2,NA,3,NA,3
"445",48,2,2,3,2,NA,1,4,NA,5,NA,4,NA,3
"446",31,1,2,5,5,NA,4,7,NA,7,NA,7,NA,3
"447",42,1,2,3,5,NA,4,6,NA,6,NA,6,NA,3
"448",71,2,2,5,5,NA,4,6,NA,5,NA,4,NA,3
"449",54,2,2,3,3,NA,4,4,NA,5,NA,5,NA,3
"450",68,1,2,2,5,NA,5,5,NA,6,NA,6,NA,3
"451",48,1,2,5,6,NA,6,7,NA,7,NA,6,NA,3
"452",46,2,2,7,7,NA,5,7,NA,7,NA,7,NA,3
"453",26,1,2,4,2,NA,4,1,NA,1,NA,3,NA,3
"454",58,2,2,5,5,NA,5,7,NA,7,NA,7,NA,3
"455",28,2,1,3,2,NA,1,3,NA,6,NA,7,NA,3
"456",25,1,2,6,7,NA,7,7,NA,7,NA,1,NA,3
"457",24,1,2,1,4,NA,3,4,NA,4,NA,5,NA,3
"458",57,2,2,4,4,NA,4,4,NA,6,NA,6,NA,3
"459",41,1,2,5,3,NA,3,6,NA,7,NA,7,NA,3
"460",82,2,1,3,4,NA,4,4,NA,7,NA,7,NA,3
"461",42,1,1,5,4,NA,4,6,NA,4,NA,5,NA,3
"462",69,2,1,1,1,NA,5,4,NA,4,NA,4,NA,3
"463",31,1,1,5,1,NA,1,1,NA,1,NA,2,NA,3
"464",83,2,1,4,3,NA,3,4,NA,5,NA,5,NA,3
"465",82,2,2,7,6,NA,7,7,NA,7,NA,7,NA,3
"466",81,2,2,3,4,NA,4,6,NA,7,NA,7,NA,3
"467",78,2,1,4,2,NA,3,2,NA,2,NA,2,NA,3
"468",76,2,2,1,4,NA,4,6,NA,7,NA,7,NA,3
"469",76,1,1,2,5,NA,5,2,NA,6,NA,6,NA,3
"470",76,2,2,7,1,NA,5,7,NA,1,NA,5,NA,3
"471",75,2,1,7,4,NA,4,1,NA,1,NA,1,NA,3
"472",74,2,2,7,4,NA,5,6,NA,7,NA,7,NA,3
"473",74,2,1,5,4,NA,4,1,NA,1,NA,4,NA,3
"474",74,1,1,3,3,NA,4,4,NA,4,NA,4,NA,3
"475",74,2,2,5,7,NA,6,7,NA,7,NA,7,NA,3
"476",73,1,1,7,2,NA,3,1,NA,1,NA,1,NA,3
"477",72,1,2,5,5,NA,5,6,NA,7,NA,7,NA,3
"478",71,1,2,5,7,NA,7,7,NA,7,NA,7,NA,3
"479",70,1,1,1,5,NA,5,5,NA,5,NA,5,NA,3
"480",70,2,2,4,4,NA,4,4,NA,6,NA,4,NA,3
"481",69,2,2,7,7,NA,7,7,NA,7,NA,7,NA,3
"482",68,2,2,7,7,NA,6,7,NA,7,NA,7,NA,3
"483",68,2,1,4,3,NA,3,2,NA,2,NA,4,NA,3
"484",68,2,2,4,4,NA,4,5,NA,7,NA,7,NA,3
"485",68,2,2,5,5,NA,6,7,NA,7,NA,7,NA,3
"486",65,1,2,5,3,NA,3,3,NA,5,NA,5,NA,3
"487",NA,1,2,7,7,NA,7,7,NA,7,NA,7,NA,3
"488",64,2,2,2,1,NA,1,4,NA,5,NA,5,NA,3
"489",61,1,2,5,5,NA,5,5,NA,6,NA,7,NA,3
"490",59,1,2,1,7,NA,6,6,NA,6,NA,5,NA,3
"491",58,2,2,5,6,NA,6,7,NA,7,NA,7,NA,3
"492",57,1,1,5,5,NA,5,6,NA,6,NA,6,NA,3
"493",56,1,2,6,7,NA,7,7,NA,7,NA,7,NA,3
"494",55,2,2,4,6,NA,6,7,NA,7,NA,7,NA,3
"495",54,1,1,2,3,NA,3,3,NA,4,NA,3,NA,3
"496",53,2,1,2,4,NA,1,1,NA,1,NA,4,NA,3
"497",52,1,2,2,5,NA,4,5,NA,4,NA,5,NA,3
"498",48,1,1,3,7,NA,5,2,NA,6,NA,6,NA,3
"499",46,2,1,3,6,NA,6,4,NA,6,NA,7,NA,3
"500",42,2,2,6,4,NA,5,6,NA,6,NA,7,NA,3
"501",41,2,2,3,3,NA,4,5,NA,4,NA,4,NA,3
"502",41,1,1,2,1,NA,3,2,NA,3,NA,4,NA,3
"503",40,2,1,2,2,NA,1,2,NA,6,NA,4,NA,3
"504",39,1,1,3,6,NA,6,2,NA,5,NA,3,NA,3
"505",36,2,1,2,4,NA,4,5,NA,5,NA,6,NA,3
"506",34,2,2,5,2,NA,1,4,NA,4,NA,4,NA,3
"507",34,2,1,1,4,NA,2,4,NA,5,NA,7,NA,3
"508",33,1,2,4,4,NA,4,4,NA,4,NA,4,NA,3
"509",30,1,2,4,4,NA,4,6,NA,6,NA,7,NA,3
"510",29,1,2,5,6,NA,5,5,NA,6,NA,5,NA,3
"511",29,1,2,5,4,NA,4,5,NA,5,NA,6,NA,3
"512",28,2,1,4,1,NA,1,1,NA,4,NA,4,NA,3
"513",26,1,1,5,2,NA,3,1,NA,3,NA,3,NA,3
"514",26,2,1,2,4,NA,4,4,NA,4,NA,4,NA,3
"515",24,2,2,7,5,NA,4,6,NA,5,NA,7,NA,3
"516",23,2,2,5,6,NA,5,6,NA,7,NA,7,NA,3
"517",22,2,1,3,1,NA,2,2,NA,2,NA,3,NA,3
"518",21,1,1,2,3,NA,3,2,NA,3,NA,3,NA,3
"519",21,1,1,6,1,NA,2,1,NA,1,NA,2,NA,3
"520",20,1,1,5,3,NA,2,5,NA,6,NA,4,NA,3
"521",19,1,2,5,5,NA,5,5,NA,6,NA,6,NA,3
"522",19,1,2,1,3,NA,2,7,NA,7,NA,7,NA,3
"523",19,2,2,3,4,NA,4,5,NA,5,NA,4,NA,3
"524",29,1,2,3,NA,3,3,NA,4,NA,6,NA,5,4
"525",40,1,2,6,NA,4,5,NA,1,NA,6,NA,5,4
"526",74,2,1,4,NA,4,4,NA,6,NA,7,NA,5,4
"527",43,1,2,3,NA,4,4,NA,5,NA,5,NA,6,4
"528",41,2,1,3,NA,6,5,NA,6,NA,6,NA,6,4
"529",76,2,2,3,NA,4,4,NA,2,NA,1,NA,3,4
"530",66,1,1,3,NA,3,3,NA,2,NA,6,NA,4,4
"531",31,1,1,5,NA,3,4,NA,6,NA,5,NA,4,4
"532",61,1,1,3,NA,5,4,NA,5,NA,5,NA,4,4
"533",72,1,1,1,NA,5,5,NA,1,NA,2,NA,3,4
"534",68,1,2,7,NA,1,1,NA,1,NA,1,NA,1,4
"535",41,1,2,4,NA,1,3,NA,2,NA,2,NA,3,4
"536",55,2,1,2,NA,6,4,NA,4,NA,7,NA,1,4
"537",68,2,1,2,NA,1,2,NA,6,NA,6,NA,7,4
"538",46,1,2,6,NA,3,3,NA,1,NA,5,NA,3,4
"539",54,1,2,5,NA,4,4,NA,2,NA,2,NA,4,4
"540",74,2,2,7,NA,1,1,NA,1,NA,3,NA,2,4
"541",51,2,2,3,NA,3,3,NA,3,NA,2,NA,3,4
"542",20,2,2,5,NA,4,4,NA,2,NA,5,NA,1,4
"543",59,1,1,3,NA,6,6,NA,6,NA,7,NA,6,4
"544",46,1,2,4,NA,4,4,NA,2,NA,4,NA,4,4
"545",38,1,1,6,NA,6,6,NA,7,NA,7,NA,7,4
"546",78,1,2,7,NA,7,7,NA,1,NA,7,NA,7,4
"547",58,2,2,5,NA,4,4,NA,4,NA,4,NA,4,4
"548",62,2,2,1,NA,1,1,NA,1,NA,1,NA,7,4
"549",35,2,2,4,NA,3,5,NA,2,NA,3,NA,4,4
"550",47,2,1,1,NA,4,3,NA,3,NA,3,NA,3,4
"551",26,1,1,2,NA,5,5,NA,6,NA,7,NA,7,4
"552",38,2,2,2,NA,5,5,NA,4,NA,6,NA,6,4
"553",66,1,2,7,NA,3,3,NA,1,NA,1,NA,1,4
"554",67,1,1,2,NA,2,5,NA,6,NA,7,NA,7,4
"555",74,1,1,1,NA,7,7,NA,7,NA,7,NA,7,4
"556",58,2,2,3,NA,6,6,NA,2,NA,5,NA,4,4
"557",38,1,1,4,NA,4,5,NA,4,NA,5,NA,5,4
"558",46,1,1,7,NA,7,7,NA,7,NA,7,NA,7,4
"559",45,2,1,5,NA,2,5,NA,4,NA,5,NA,4,4
"560",25,2,1,3,NA,4,5,NA,6,NA,7,NA,7,4
"561",37,1,1,1,NA,4,4,NA,4,NA,7,NA,7,4
"562",60,1,2,7,NA,1,1,NA,1,NA,1,NA,2,4
"563",23,1,1,5,NA,5,4,NA,7,NA,7,NA,7,4
"564",48,1,1,5,NA,6,5,NA,7,NA,7,NA,7,4
"565",64,2,2,4,NA,1,7,NA,1,NA,2,NA,1,4
"566",84,1,1,7,NA,7,7,NA,7,NA,7,NA,7,4
"567",50,2,1,2,NA,7,7,NA,5,NA,6,NA,7,4
"568",74,1,1,5,NA,7,5,NA,7,NA,7,NA,7,4
"569",63,1,1,5,NA,4,4,NA,4,NA,7,NA,7,4
"570",28,2,1,2,NA,7,4,NA,5,NA,6,NA,6,4
"571",59,2,2,4,NA,7,7,NA,4,NA,6,NA,4,4
"572",31,2,2,4,NA,6,6,NA,4,NA,7,NA,7,4
"573",70,1,2,5,NA,5,5,NA,3,NA,5,NA,3,4
"574",20,1,2,4,NA,5,5,NA,4,NA,6,NA,2,4
"575",59,2,2,5,NA,4,4,NA,1,NA,4,NA,4,4
"576",48,2,2,6,NA,3,3,NA,3,NA,7,NA,7,4
"577",70,1,2,5,NA,4,3,NA,3,NA,4,NA,6,4
"578",65,1,2,4,NA,4,2,NA,2,NA,2,NA,2,4
"579",21,2,2,5,NA,5,4,NA,2,NA,4,NA,3,4
"580",48,2,2,3,NA,6,6,NA,3,NA,6,NA,6,4
"581",34,2,2,3,NA,5,5,NA,4,NA,7,NA,7,4
"582",56,2,1,1,NA,6,4,NA,4,NA,7,NA,7,4
"583",30,2,1,3,NA,6,6,NA,5,NA,7,NA,7,4
"584",53,1,2,3,NA,3,3,NA,3,NA,3,NA,3,4
"585",58,2,2,4,NA,4,4,NA,4,NA,4,NA,4,4
"586",74,1,2,7,NA,7,5,NA,1,NA,7,NA,3,4
"587",47,1,2,2,NA,5,4,NA,2,NA,6,NA,4,4
"588",46,1,1,5,NA,6,4,NA,6,NA,6,NA,4,4
"589",67,2,1,4,NA,4,4,NA,4,NA,4,NA,4,4
"590",29,2,2,7,NA,1,5,NA,1,NA,1,NA,1,4
"591",65,1,1,1,NA,6,6,NA,7,NA,7,NA,7,4
"592",69,2,1,7,NA,3,3,NA,2,NA,4,NA,3,4
"593",29,2,1,2,NA,4,4,NA,6,NA,7,NA,7,4
"594",54,2,1,3,NA,4,4,NA,7,NA,7,NA,7,4
"595",69,2,1,7,NA,5,4,NA,1,NA,1,NA,2,4
"596",52,2,2,4,NA,7,7,NA,1,NA,4,NA,7,4
"597",35,2,1,6,NA,4,4,NA,7,NA,7,NA,7,4
"598",32,2,2,2,NA,7,7,NA,4,NA,7,NA,7,4
"599",42,1,1,4,NA,5,4,NA,4,NA,1,NA,3,4
"600",37,2,2,4,NA,7,6,NA,4,NA,4,NA,4,4
"601",65,2,1,2,NA,6,5,NA,3,NA,4,NA,5,4
"602",72,1,2,2,NA,4,4,NA,4,NA,5,NA,4,4
"603",19,2,1,7,NA,3,2,NA,7,NA,7,NA,7,4
"604",65,2,1,3,NA,4,2,NA,5,NA,7,NA,7,4
"605",46,1,2,3,NA,7,2,NA,5,NA,7,NA,4,4
"606",49,1,2,5,NA,2,2,NA,1,NA,1,NA,1,4
"607",61,1,1,3,NA,5,5,NA,6,NA,2,NA,3,4
"608",55,1,2,5,NA,2,3,NA,2,NA,3,NA,4,4
"609",NA,2,1,1,NA,4,4,NA,5,NA,7,NA,7,4
"610",62,2,2,4,NA,6,6,NA,5,NA,6,NA,6,4
"611",55,2,2,5,NA,5,5,NA,5,NA,3,NA,5,4
"612",36,1,2,1,NA,2,2,NA,2,NA,4,NA,4,4
"613",80,2,1,5,NA,7,7,NA,5,NA,7,NA,7,4
"614",66,2,1,4,NA,1,7,NA,1,NA,6,NA,3,4
"615",72,1,2,6,NA,3,3,NA,3,NA,3,NA,3,4
"616",35,2,2,5,NA,4,4,NA,1,NA,2,NA,4,4
"617",35,2,2,6,NA,4,4,NA,3,NA,7,NA,7,4
"618",64,1,2,7,NA,5,6,NA,1,NA,1,NA,5,4
"619",34,2,2,4,NA,3,3,NA,4,NA,7,NA,7,4
"620",25,2,1,5,NA,4,4,NA,5,NA,6,NA,6,4
"621",53,2,1,5,NA,4,4,NA,2,NA,6,NA,2,4
"622",43,1,1,7,NA,1,1,NA,1,NA,1,NA,1,4
"623",21,2,1,4,NA,3,3,NA,2,NA,3,NA,4,4
"624",77,1,2,4,NA,5,5,NA,4,NA,4,NA,4,4
"625",49,2,2,1,NA,1,1,NA,3,NA,4,NA,4,4
"626",19,1,1,3,NA,6,5,NA,6,NA,7,NA,7,4
"627",30,1,1,3,NA,6,5,NA,7,NA,7,NA,1,4
"628",34,2,1,4,NA,4,3,NA,4,NA,7,NA,7,4
"629",30,2,2,1,NA,3,4,NA,1,NA,7,NA,7,4
"630",37,2,2,5,NA,2,4,NA,4,NA,2,NA,4,4
"631",48,2,2,1,NA,3,2,NA,1,NA,7,NA,4,4
"632",48,1,2,4,NA,6,4,NA,2,NA,3,NA,7,4
"633",47,2,2,5,NA,2,3,NA,2,NA,4,NA,7,4
"634",85,2,2,6,NA,4,3,NA,3,NA,4,NA,6,4
"635",85,1,2,1,NA,4,4,NA,1,NA,1,NA,6,4
"636",81,1,2,4,NA,1,1,NA,1,NA,4,NA,2,4
"637",78,2,2,1,NA,1,7,NA,7,NA,1,NA,7,4
"638",77,2,2,7,NA,1,4,NA,1,NA,1,NA,4,4
"639",76,1,2,2,NA,5,5,NA,3,NA,4,NA,3,4
"640",74,1,1,3,NA,4,1,NA,3,NA,1,NA,7,4
"641",74,2,2,1,NA,3,3,NA,3,NA,5,NA,6,4
"642",72,2,2,3,NA,3,2,NA,3,NA,6,NA,5,4
"643",71,2,1,2,NA,6,6,NA,6,NA,7,NA,7,4
"644",71,1,2,7,NA,7,7,NA,1,NA,1,NA,1,4
"645",71,2,2,5,NA,2,3,NA,1,NA,1,NA,1,4
"646",71,1,2,3,NA,7,5,NA,3,NA,4,NA,6,4
"647",69,1,2,4,NA,7,7,NA,7,NA,7,NA,3,4
"648",69,2,1,7,NA,7,7,NA,7,NA,7,NA,7,4
"649",68,2,2,2,NA,4,4,NA,4,NA,7,NA,7,4
"650",65,1,1,4,NA,3,3,NA,3,NA,3,NA,4,4
"651",64,1,1,3,NA,5,5,NA,5,NA,5,NA,4,4
"652",64,1,2,3,NA,5,4,NA,3,NA,5,NA,5,4
"653",64,1,2,7,NA,1,1,NA,1,NA,7,NA,3,4
"654",64,1,2,4,NA,4,3,NA,5,NA,7,NA,7,4
"655",64,2,1,5,NA,5,3,NA,7,NA,7,NA,7,4
"656",63,2,1,7,NA,6,6,NA,7,NA,7,NA,7,4
"657",62,2,2,6,NA,3,3,NA,2,NA,1,NA,2,4
"658",61,2,2,6,NA,6,6,NA,3,NA,6,NA,7,4
"659",60,1,1,5,NA,7,3,NA,7,NA,7,NA,5,4
"660",60,2,2,3,NA,4,4,NA,4,NA,6,NA,7,4
"661",58,2,1,4,NA,7,6,NA,5,NA,7,NA,6,4
"662",56,1,1,3,NA,1,1,NA,7,NA,7,NA,7,4
"663",56,1,2,5,NA,6,6,NA,3,NA,5,NA,3,4
"664",55,1,2,4,NA,3,3,NA,2,NA,4,NA,4,4
"665",54,2,1,2,NA,7,7,NA,7,NA,7,NA,7,4
"666",54,1,2,4,NA,5,5,NA,3,NA,7,NA,4,4
"667",52,1,2,1,NA,7,7,NA,1,NA,7,NA,7,4
"668",51,2,1,6,NA,4,2,NA,3,NA,7,NA,1,4
"669",50,1,2,6,NA,6,6,NA,7,NA,1,NA,6,4
"670",50,2,1,3,NA,6,6,NA,6,NA,6,NA,6,4
"671",50,2,1,3,NA,5,5,NA,7,NA,7,NA,7,4
"672",50,1,2,6,NA,2,3,NA,1,NA,3,NA,2,4
"673",48,2,1,1,NA,7,4,NA,4,NA,7,NA,7,4
"674",42,2,1,6,NA,1,3,NA,3,NA,7,NA,4,4
"675",41,2,2,2,NA,4,4,NA,5,NA,5,NA,5,4
"676",40,2,2,4,NA,2,2,NA,2,NA,6,NA,7,4
"677",39,1,1,4,NA,6,4,NA,7,NA,7,NA,7,4
"678",38,1,1,1,NA,7,6,NA,4,NA,7,NA,7,4
"679",35,1,2,4,NA,4,4,NA,4,NA,4,NA,7,4
"680",34,2,1,2,NA,3,1,NA,4,NA,6,NA,5,4
"681",33,2,2,4,NA,5,4,NA,3,NA,4,NA,4,4
"682",39,1,2,5,NA,4,4,NA,5,NA,5,NA,5,4
"683",32,1,1,2,NA,5,5,NA,4,NA,7,NA,7,4
"684",32,2,2,5,NA,5,5,NA,1,NA,7,NA,5,4
"685",32,2,2,1,NA,2,2,NA,2,NA,4,NA,4,4
"686",32,2,1,3,NA,4,2,NA,3,NA,2,NA,2,4
"687",25,2,1,4,NA,4,4,NA,7,NA,7,NA,7,4
"688",24,1,2,3,NA,7,5,NA,3,NA,6,NA,5,4
"689",22,2,2,3,NA,4,4,NA,3,NA,5,NA,4,4
"690",20,2,1,5,NA,2,2,NA,4,NA,6,NA,4,4
"691",20,1,1,4,NA,2,3,NA,6,NA,6,NA,6,4
"692",18,1,2,4,NA,7,6,NA,5,NA,7,NA,6,4
"693",40,1,2,3,NA,5,4,NA,2,NA,7,NA,4,5
"694",75,1,2,7,NA,1,1,NA,1,NA,1,NA,1,5
"695",69,1,2,4,NA,5,5,NA,5,NA,5,NA,5,5
"696",71,1,2,1,NA,2,2,NA,2,NA,2,NA,4,5
"697",56,2,1,3,NA,6,6,NA,6,NA,7,NA,7,5
"698",69,2,1,1,NA,7,6,NA,7,NA,6,NA,7,5
"699",24,2,1,4,NA,7,7,NA,5,NA,7,NA,6,5
"700",65,1,1,1,NA,2,5,NA,2,NA,6,NA,4,5
"701",40,2,1,6,NA,1,1,NA,5,NA,5,NA,6,5
"702",65,1,1,6,NA,4,3,NA,2,NA,6,NA,2,5
"703",71,1,1,2,NA,3,3,NA,1,NA,2,NA,4,5
"704",50,1,1,3,NA,6,6,NA,5,NA,6,NA,5,5
"705",76,2,2,1,NA,3,3,NA,3,NA,3,NA,3,5
"706",46,1,1,1,NA,3,3,NA,3,NA,4,NA,4,5
"707",62,1,2,2,NA,3,4,NA,3,NA,4,NA,4,5
"708",27,2,2,3,NA,4,4,NA,3,NA,7,NA,7,5
"709",45,1,2,5,NA,5,5,NA,2,NA,2,NA,1,5
"710",69,2,2,2,NA,4,4,NA,4,NA,4,NA,4,5
"711",29,2,1,4,NA,4,3,NA,5,NA,6,NA,4,5
"712",47,1,1,1,NA,4,4,NA,4,NA,5,NA,6,5
"713",74,2,1,6,NA,3,3,NA,2,NA,2,NA,2,5
"714",71,1,2,4,NA,4,4,NA,4,NA,4,NA,4,5
"715",56,2,2,7,NA,1,1,NA,1,NA,1,NA,3,5
"716",47,2,2,2,NA,7,6,NA,4,NA,7,NA,7,5
"717",53,2,2,5,NA,3,3,NA,3,NA,4,NA,6,5
"718",59,1,2,2,NA,4,4,NA,2,NA,5,NA,4,5
"719",25,2,1,4,NA,6,6,NA,7,NA,7,NA,7,5
"720",72,2,1,3,NA,7,7,NA,4,NA,6,NA,4,5
"721",56,1,2,4,NA,4,4,NA,3,NA,4,NA,6,5
"722",72,2,1,3,NA,4,4,NA,4,NA,5,NA,6,5
"723",32,2,2,5,NA,5,5,NA,3,NA,4,NA,7,5
"724",27,1,1,5,NA,3,4,NA,6,NA,7,NA,7,5
"725",55,1,1,1,NA,1,1,NA,1,NA,1,NA,2,5
"726",49,1,2,7,NA,1,2,NA,1,NA,1,NA,1,5
"727",24,1,2,1,NA,3,5,NA,5,NA,7,NA,7,5
"728",65,2,1,6,NA,3,2,NA,7,NA,7,NA,5,5
"729",26,1,1,6,NA,4,3,NA,7,NA,6,NA,6,5
"730",48,2,1,3,NA,7,7,NA,7,NA,7,NA,7,5
"731",75,1,2,4,NA,4,5,NA,2,NA,2,NA,4,5
"732",43,1,2,5,NA,6,4,NA,1,NA,1,NA,4,5
"733",58,2,2,5,NA,5,5,NA,5,NA,7,NA,7,5
"734",75,2,1,4,NA,7,6,NA,3,NA,6,NA,5,5
"735",72,1,1,5,NA,4,4,NA,3,NA,4,NA,4,5
"736",46,1,2,2,NA,7,7,NA,4,NA,7,NA,7,5
"737",70,2,2,7,NA,6,3,NA,6,NA,4,NA,7,5
"738",52,1,1,2,NA,7,7,NA,6,NA,7,NA,7,5
"739",51,2,2,4,NA,5,4,NA,4,NA,7,NA,4,5
"740",52,2,2,2,NA,6,7,NA,4,NA,7,NA,7,5
"741",26,2,1,1,NA,4,4,NA,5,NA,5,NA,7,5
"742",43,2,2,3,NA,6,5,NA,2,NA,7,NA,6,5
"743",53,2,1,4,NA,5,3,NA,3,NA,3,NA,4,5
"744",51,2,1,6,NA,6,2,NA,7,NA,7,NA,7,5
"745",58,1,1,3,NA,3,6,NA,6,NA,5,NA,7,5
"746",85,1,1,4,NA,4,4,NA,3,NA,3,NA,6,5
"747",21,1,1,5,NA,5,6,NA,7,NA,7,NA,7,5
"748",29,2,1,3,NA,3,3,NA,1,NA,2,NA,3,5
"749",34,1,2,7,NA,2,1,NA,2,NA,7,NA,7,5
"750",74,1,1,1,NA,7,4,NA,6,NA,7,NA,7,5
"751",64,1,2,6,NA,2,2,NA,1,NA,1,NA,1,5
"752",40,1,1,6,NA,6,6,NA,6,NA,6,NA,7,5
"753",64,2,2,7,NA,4,4,NA,4,NA,4,NA,4,5
"754",65,2,1,5,NA,7,7,NA,7,NA,7,NA,7,5
"755",82,2,1,5,NA,7,6,NA,6,NA,7,NA,7,5
"756",41,1,2,2,NA,4,3,NA,2,NA,6,NA,4,5
"757",77,2,2,5,NA,4,3,NA,2,NA,2,NA,3,5
"758",70,2,2,6,NA,1,2,NA,2,NA,7,NA,7,5
"759",35,2,2,5,NA,3,3,NA,4,NA,4,NA,4,5
"760",37,2,2,3,NA,6,4,NA,3,NA,7,NA,7,5
"761",69,2,1,3,NA,3,3,NA,4,NA,3,NA,3,5
"762",53,2,1,1,NA,7,4,NA,4,NA,7,NA,7,5
"763",24,1,1,1,NA,6,6,NA,6,NA,7,NA,7,5
"764",71,2,2,4,NA,5,4,NA,5,NA,7,NA,5,5
"765",84,1,1,2,NA,5,5,NA,1,NA,5,NA,5,5
"766",73,2,1,7,NA,6,6,NA,6,NA,6,NA,5,5
"767",28,1,1,4,NA,6,6,NA,7,NA,7,NA,7,5
"768",78,2,2,4,NA,4,5,NA,4,NA,1,NA,4,5
"769",41,2,2,7,NA,1,1,NA,1,NA,1,NA,4,5
"770",34,2,2,4,NA,4,4,NA,4,NA,4,NA,4,5
"771",41,1,2,1,NA,7,7,NA,3,NA,7,NA,4,5
"772",60,1,2,4,NA,4,4,NA,1,NA,3,NA,4,5
"773",64,1,2,6,NA,6,6,NA,7,NA,1,NA,2,5
"774",67,2,2,7,NA,7,4,NA,7,NA,7,NA,7,5
"775",23,2,1,3,NA,5,5,NA,5,NA,7,NA,7,5
"776",44,2,1,4,NA,7,4,NA,4,NA,4,NA,4,5
"777",35,2,2,5,NA,1,1,NA,1,NA,7,NA,6,5
"778",30,1,2,2,NA,4,3,NA,3,NA,4,NA,5,5
"779",60,2,1,4,NA,5,5,NA,6,NA,7,NA,6,5
"780",47,1,1,7,NA,7,7,NA,7,NA,7,NA,7,5
"781",66,2,2,6,NA,6,7,NA,3,NA,6,NA,6,5
"782",66,1,2,6,NA,7,7,NA,7,NA,7,NA,7,5
"783",34,2,2,5,NA,1,1,NA,1,NA,7,NA,3,5
"784",29,1,2,2,NA,3,3,NA,2,NA,3,NA,4,5
"785",34,1,2,2,NA,4,4,NA,4,NA,6,NA,4,5
"786",74,1,1,7,NA,7,7,NA,7,NA,7,NA,7,5
"787",80,2,1,7,NA,4,4,NA,5,NA,6,NA,7,5
"788",45,2,2,2,NA,7,7,NA,3,NA,6,NA,6,5
"789",33,1,1,7,NA,1,1,NA,1,NA,1,NA,2,5
"790",24,1,2,3,NA,7,7,NA,3,NA,7,NA,1,5
"791",61,2,2,7,NA,4,5,NA,3,NA,4,NA,4,5
"792",34,2,1,7,NA,5,4,NA,7,NA,7,NA,7,5
"793",22,1,2,3,NA,4,4,NA,4,NA,4,NA,4,5
"794",74,2,2,7,NA,6,5,NA,1,NA,2,NA,4,5
"795",60,1,2,5,NA,4,4,NA,3,NA,3,NA,5,5
"796",25,2,1,7,NA,6,4,NA,7,NA,7,NA,7,5
"797",63,1,2,7,NA,2,2,NA,1,NA,2,NA,2,5
"798",50,1,1,3,NA,4,4,NA,6,NA,6,NA,7,5
"799",40,2,1,1,NA,6,5,NA,6,NA,7,NA,6,5
"800",38,1,2,4,NA,1,3,NA,3,NA,4,NA,4,5
"801",72,1,1,1,NA,7,4,NA,7,NA,7,NA,7,5
"802",60,1,2,5,NA,6,6,NA,2,NA,6,NA,6,5
"803",54,1,2,5,NA,7,7,NA,1,NA,7,NA,7,5
"804",82,2,2,2,NA,5,5,NA,1,NA,4,NA,4,5
"805",76,2,1,3,NA,3,3,NA,3,NA,6,NA,3,5
"806",74,1,2,6,NA,7,4,NA,6,NA,6,NA,6,5
"807",74,2,1,3,NA,4,4,NA,4,NA,4,NA,7,5
"808",74,2,2,5,NA,4,4,NA,4,NA,3,NA,5,5
"809",73,2,1,4,NA,5,5,NA,5,NA,5,NA,5,5
"810",72,1,1,3,NA,7,7,NA,6,NA,7,NA,7,5
"811",72,2,2,4,NA,3,3,NA,3,NA,3,NA,4,5
"812",72,2,1,3,NA,7,7,NA,7,NA,7,NA,7,5
"813",69,2,2,4,NA,5,5,NA,5,NA,5,NA,5,5
"814",68,2,2,1,NA,1,1,NA,1,NA,1,NA,1,5
"815",68,2,2,7,NA,7,7,NA,7,NA,7,NA,7,5
"816",67,2,1,2,NA,6,6,NA,7,NA,7,NA,7,5
"817",67,2,2,4,NA,7,6,NA,4,NA,5,NA,4,5
"818",67,1,2,2,NA,7,6,NA,2,NA,7,NA,7,5
"819",67,1,1,2,NA,7,7,NA,7,NA,7,NA,7,5
"820",66,1,2,4,NA,3,5,NA,3,NA,3,NA,5,5
"821",65,1,1,3,NA,5,2,NA,1,NA,7,NA,2,5
"822",64,2,1,5,NA,4,4,NA,4,NA,4,NA,4,5
"823",63,1,2,5,NA,1,5,NA,5,NA,2,NA,5,5
"824",63,1,2,2,NA,6,6,NA,1,NA,4,NA,3,5
"825",63,2,1,4,NA,7,7,NA,6,NA,7,NA,7,5
"826",63,1,1,7,NA,7,6,NA,3,NA,5,NA,4,5
"827",63,2,1,5,NA,7,6,NA,7,NA,7,NA,7,5
"828",59,2,1,2,NA,7,7,NA,5,NA,7,NA,7,5
"829",57,2,2,6,NA,3,2,NA,2,NA,1,NA,5,5
"830",56,1,2,7,NA,1,1,NA,1,NA,1,NA,7,5
"831",55,1,1,3,NA,7,7,NA,6,NA,7,NA,7,5
"832",52,1,2,6,NA,4,4,NA,2,NA,2,NA,3,5
"833",51,2,1,1,NA,4,4,NA,6,NA,7,NA,7,5
"834",51,1,2,5,NA,7,4,NA,2,NA,4,NA,5,5
"835",50,1,1,4,NA,7,7,NA,4,NA,7,NA,7,5
"836",49,1,2,6,NA,1,1,NA,1,NA,2,NA,1,5
"837",48,2,2,3,NA,7,7,NA,1,NA,7,NA,7,5
"838",46,1,2,7,NA,7,6,NA,3,NA,7,NA,2,5
"839",45,2,1,2,NA,4,4,NA,5,NA,5,NA,7,5
"840",45,1,1,2,NA,7,7,NA,4,NA,7,NA,7,5
"841",45,1,1,2,NA,6,6,NA,5,NA,6,NA,6,5
"842",44,2,2,5,NA,2,2,NA,2,NA,1,NA,2,5
"843",43,1,2,6,NA,4,3,NA,1,NA,6,NA,5,5
"844",41,2,1,1,NA,7,7,NA,7,NA,7,NA,7,5
"845",39,1,2,4,NA,7,6,NA,7,NA,7,NA,7,5
"846",39,2,1,3,NA,1,1,NA,6,NA,7,NA,5,5
"847",38,1,2,3,NA,7,7,NA,4,NA,7,NA,7,5
"848",35,1,2,5,NA,6,5,NA,3,NA,6,NA,5,5
"849",34,1,1,2,NA,6,5,NA,7,NA,7,NA,7,5
"850",34,1,2,2,NA,7,4,NA,5,NA,7,NA,7,5
"851",33,2,2,5,NA,4,4,NA,3,NA,3,NA,5,5
"852",32,2,1,5,NA,4,4,NA,7,NA,7,NA,7,5
"853",29,2,2,3,NA,4,3,NA,4,NA,7,NA,7,5
"854",28,1,2,2,NA,7,6,NA,4,NA,6,NA,6,5
"855",26,2,1,5,NA,5,4,NA,3,NA,4,NA,6,5
"856",25,1,2,4,NA,5,3,NA,4,NA,6,NA,4,5
"857",25,1,2,2,NA,7,5,NA,2,NA,7,NA,7,5
"858",20,2,2,2,NA,3,3,NA,2,NA,7,NA,5,5
"859",19,1,2,4,NA,5,5,NA,3,NA,5,NA,6,5
"860",18,2,2,5,NA,6,5,NA,1,NA,7,NA,3,5
"861",72,2,2,6,NA,1,1,NA,1,NA,1,NA,1,6
"862",74,2,1,3,NA,4,3,NA,4,NA,5,NA,4,6
"863",65,2,1,3,NA,3,4,NA,3,NA,4,NA,4,6
"864",31,1,1,1,NA,7,7,NA,6,NA,7,NA,7,6
"865",37,1,1,4,NA,5,6,NA,7,NA,7,NA,7,6
"866",37,1,2,2,NA,4,5,NA,5,NA,6,NA,6,6
"867",51,1,2,5,NA,2,2,NA,1,NA,7,NA,5,6
"868",72,2,2,2,NA,4,2,NA,5,NA,6,NA,5,6
"869",62,1,1,1,NA,4,4,NA,4,NA,4,NA,4,6
"870",36,2,1,5,NA,4,4,NA,4,NA,4,NA,2,6
"871",51,1,2,2,NA,5,5,NA,2,NA,5,NA,6,6
"872",73,1,1,3,NA,7,7,NA,6,NA,6,NA,7,6
"873",46,1,2,4,NA,3,3,NA,1,NA,7,NA,7,6
"874",48,2,1,5,NA,5,5,NA,6,NA,7,NA,7,6
"875",73,2,2,5,NA,2,5,NA,2,NA,6,NA,5,6
"876",43,2,1,5,NA,5,5,NA,7,NA,7,NA,7,6
"877",NA,1,1,3,NA,6,6,NA,6,NA,6,NA,1,6
"878",66,1,1,5,NA,2,2,NA,2,NA,2,NA,4,6
"879",78,2,1,4,NA,6,6,NA,7,NA,7,NA,7,6
"880",55,1,2,2,NA,6,5,NA,2,NA,6,NA,7,6
"881",48,2,2,7,NA,1,3,NA,7,NA,2,NA,4,6
"882",43,2,1,6,NA,7,7,NA,7,NA,7,NA,7,6
"883",60,2,1,6,NA,2,6,NA,1,NA,6,NA,5,6
"884",71,1,1,6,NA,5,5,NA,6,NA,6,NA,4,6
"885",57,1,2,5,NA,2,3,NA,2,NA,6,NA,7,6
"886",48,2,1,4,NA,5,5,NA,5,NA,6,NA,5,6
"887",73,1,2,6,NA,7,7,NA,1,NA,7,NA,7,6
"888",70,2,2,2,NA,7,7,NA,2,NA,7,NA,7,6
"889",NA,1,2,3,NA,7,7,NA,3,NA,7,NA,7,6
"890",79,2,2,4,NA,1,1,NA,1,NA,1,NA,1,6
"891",70,2,2,3,NA,3,1,NA,3,NA,6,NA,7,6
"892",47,2,1,6,NA,6,3,NA,6,NA,4,NA,5,6
"893",44,1,1,4,NA,6,5,NA,5,NA,6,NA,6,6
"894",64,1,1,4,NA,5,5,NA,4,NA,4,NA,5,6
"895",28,2,2,5,NA,1,1,NA,7,NA,3,NA,7,6
"896",38,2,2,5,NA,5,5,NA,3,NA,3,NA,4,6
"897",60,2,2,3,NA,2,2,NA,5,NA,3,NA,3,6
"898",72,2,2,2,NA,4,5,NA,4,NA,6,NA,4,6
"899",27,1,2,3,NA,4,5,NA,4,NA,7,NA,6,6
"900",65,2,2,3,NA,4,4,NA,3,NA,4,NA,5,6
"901",47,1,2,7,NA,1,1,NA,1,NA,5,NA,3,6
"902",45,1,2,5,NA,4,4,NA,4,NA,4,NA,4,6
"903",79,2,1,1,NA,3,3,NA,7,NA,7,NA,7,6
"904",35,1,1,7,NA,1,3,NA,6,NA,5,NA,5,6
"905",47,2,1,4,NA,3,3,NA,3,NA,7,NA,7,6
"906",23,1,1,2,NA,4,3,NA,4,NA,6,NA,7,6
"907",23,2,1,2,NA,4,4,NA,6,NA,7,NA,7,6
"908",46,1,2,2,NA,4,4,NA,3,NA,6,NA,6,6
"909",76,2,2,4,NA,5,4,NA,4,NA,4,NA,7,6
"910",47,1,2,4,NA,3,5,NA,2,NA,3,NA,4,6
"911",63,2,1,4,NA,3,3,NA,4,NA,4,NA,3,6
"912",69,2,2,4,NA,4,4,NA,4,NA,4,NA,4,6
"913",68,2,1,4,NA,4,6,NA,7,NA,7,NA,7,6
"914",44,1,1,4,NA,3,3,NA,3,NA,3,NA,5,6
"915",68,2,2,3,NA,5,4,NA,3,NA,7,NA,7,6
"916",23,1,1,4,NA,5,5,NA,5,NA,7,NA,6,6
"917",60,2,2,5,NA,3,3,NA,1,NA,6,NA,6,6
"918",28,1,2,6,NA,1,3,NA,1,NA,2,NA,2,6
"919",44,2,2,1,NA,4,4,NA,4,NA,7,NA,6,6
"920",21,1,1,7,NA,3,4,NA,4,NA,4,NA,3,6
"921",73,1,2,7,NA,5,4,NA,6,NA,5,NA,4,6
"922",40,2,2,7,NA,5,5,NA,5,NA,5,NA,1,6
"923",54,1,1,5,NA,5,6,NA,5,NA,7,NA,2,6
"924",78,1,1,3,NA,7,7,NA,7,NA,7,NA,7,6
"925",50,1,2,3,NA,4,4,NA,3,NA,6,NA,6,6
"926",60,1,1,6,NA,7,6,NA,7,NA,7,NA,7,6
"927",40,1,2,4,NA,6,5,NA,3,NA,6,NA,6,6
"928",59,2,2,2,NA,2,4,NA,2,NA,6,NA,7,6
"929",55,1,2,4,NA,4,4,NA,4,NA,4,NA,4,6
"930",28,2,1,3,NA,5,5,NA,4,NA,7,NA,5,6
"931",50,1,1,2,NA,7,3,NA,4,NA,4,NA,6,6
"932",37,2,2,6,NA,1,1,NA,2,NA,6,NA,7,6
"933",26,1,2,4,NA,4,7,NA,7,NA,6,NA,5,6
"934",47,2,1,4,NA,5,5,NA,5,NA,7,NA,6,6
"935",62,2,1,1,NA,1,1,NA,7,NA,7,NA,7,6
"936",36,1,1,5,NA,5,5,NA,7,NA,7,NA,7,6
"937",69,1,1,3,NA,1,1,NA,4,NA,3,NA,2,6
"938",35,1,1,3,NA,6,6,NA,5,NA,7,NA,7,6
"939",32,1,2,4,NA,3,3,NA,7,NA,7,NA,1,6
"940",74,1,1,7,NA,1,1,NA,1,NA,1,NA,2,6
"941",69,2,1,4,NA,3,4,NA,3,NA,5,NA,3,6
"942",34,2,1,3,NA,4,4,NA,3,NA,3,NA,4,6
"943",51,2,1,5,NA,6,2,NA,7,NA,7,NA,7,6
"944",76,1,1,5,NA,6,6,NA,2,NA,7,NA,7,6
"945",32,2,1,4,NA,4,4,NA,5,NA,7,NA,7,6
"946",71,1,1,3,NA,5,4,NA,3,NA,4,NA,3,6
"947",74,2,2,5,NA,4,3,NA,1,NA,2,NA,3,6
"948",21,2,2,3,NA,5,5,NA,4,NA,4,NA,4,6
"949",44,1,1,2,NA,3,2,NA,5,NA,6,NA,6,6
"950",79,2,1,3,NA,7,7,NA,5,NA,7,NA,7,6
"951",25,2,2,1,NA,4,4,NA,5,NA,7,NA,7,6
"952",58,2,2,7,NA,1,1,NA,1,NA,1,NA,1,6
"953",31,2,2,4,NA,4,3,NA,3,NA,6,NA,4,6
"954",55,2,2,4,NA,5,5,NA,7,NA,1,NA,2,6
"955",69,1,1,1,NA,4,4,NA,4,NA,4,NA,4,6
"956",29,2,1,3,NA,6,6,NA,6,NA,7,NA,7,6
"957",71,1,2,3,NA,3,3,NA,4,NA,7,NA,7,6
"958",57,1,1,2,NA,2,7,NA,4,NA,4,NA,4,6
"959",70,1,2,6,NA,1,1,NA,1,NA,4,NA,4,6
"960",21,1,1,6,NA,6,4,NA,6,NA,7,NA,2,6
"961",62,2,2,6,NA,7,7,NA,4,NA,7,NA,4,6
"962",71,1,1,1,NA,7,4,NA,7,NA,7,NA,7,6
"963",47,2,2,4,NA,3,3,NA,4,NA,6,NA,6,6
"964",85,1,1,2,NA,6,6,NA,6,NA,7,NA,6,6
"965",41,2,2,6,NA,4,4,NA,2,NA,6,NA,7,6
"966",82,2,1,1,NA,7,6,NA,7,NA,7,NA,7,6
"967",82,2,1,4,NA,5,3,NA,5,NA,6,NA,6,6
"968",79,2,1,4,NA,4,3,NA,5,NA,4,NA,4,6
"969",78,1,1,4,NA,4,5,NA,3,NA,4,NA,3,6
"970",76,2,1,4,NA,2,3,NA,7,NA,7,NA,4,6
"971",76,1,2,6,NA,2,5,NA,3,NA,6,NA,6,6
"972",75,2,1,7,NA,1,1,NA,1,NA,1,NA,3,6
"973",75,2,1,4,NA,4,4,NA,7,NA,7,NA,7,6
"974",72,1,2,7,NA,6,6,NA,7,NA,7,NA,7,6
"975",72,2,1,7,NA,7,7,NA,7,NA,7,NA,7,6
"976",71,2,2,2,NA,3,3,NA,3,NA,4,NA,4,6
"977",70,2,2,3,NA,3,3,NA,2,NA,5,NA,5,6
"978",69,2,2,7,NA,7,7,NA,1,NA,1,NA,1,6
"979",67,1,2,5,NA,4,3,NA,5,NA,4,NA,4,6
"980",66,1,2,5,NA,7,7,NA,4,NA,7,NA,7,6
"981",66,2,2,5,NA,7,7,NA,7,NA,7,NA,7,6
"982",66,1,2,4,NA,3,3,NA,2,NA,3,NA,4,6
"983",63,1,2,4,NA,5,5,NA,4,NA,6,NA,6,6
"984",63,1,1,7,NA,7,5,NA,7,NA,7,NA,7,6
"985",63,2,2,6,NA,4,4,NA,2,NA,6,NA,6,6
"986",60,2,2,5,NA,3,4,NA,2,NA,4,NA,5,6
"987",58,2,1,3,NA,2,2,NA,3,NA,4,NA,4,6
"988",57,2,2,2,NA,6,4,NA,4,NA,6,NA,6,6
"989",55,2,1,2,NA,6,6,NA,6,NA,7,NA,7,6
"990",54,1,2,6,NA,1,1,NA,1,NA,1,NA,3,6
"991",53,2,2,6,NA,4,5,NA,3,NA,4,NA,4,6
"992",50,2,2,5,NA,1,2,NA,1,NA,1,NA,7,6
"993",49,2,2,2,NA,1,1,NA,1,NA,1,NA,4,6
"994",48,2,2,2,NA,5,4,NA,4,NA,6,NA,6,6
"995",44,2,1,4,NA,1,1,NA,4,NA,4,NA,6,6
"996",41,2,1,7,NA,6,5,NA,6,NA,6,NA,5,6
"997",40,2,2,4,NA,3,3,NA,2,NA,7,NA,5,6
"998",40,1,2,6,NA,4,5,NA,1,NA,4,NA,3,6
"999",40,2,1,7,NA,4,2,NA,7,NA,7,NA,7,6
"1000",40,2,1,5,NA,5,4,NA,5,NA,6,NA,6,6
"1001",36,2,1,2,NA,5,2,NA,5,NA,7,NA,7,6
"1002",36,1,1,7,NA,7,7,NA,7,NA,7,NA,7,6
"1003",35,2,2,7,NA,1,3,NA,1,NA,1,NA,1,6
"1004",34,1,1,5,NA,5,5,NA,7,NA,7,NA,7,6
"1005",32,2,2,4,NA,3,3,NA,1,NA,4,NA,4,6
"1006",32,1,1,3,NA,6,4,NA,6,NA,7,NA,7,6
"1007",32,2,2,3,NA,3,3,NA,2,NA,2,NA,7,6
"1008",31,2,1,6,NA,6,6,NA,7,NA,7,NA,7,6
"1009",30,2,1,5,NA,2,2,NA,7,NA,7,NA,7,6
"1010",29,2,2,4,NA,1,1,NA,3,NA,3,NA,4,6
"1011",27,2,2,4,NA,4,4,NA,2,NA,6,NA,4,6
"1012",27,2,1,5,NA,1,2,NA,6,NA,7,NA,7,6
"1013",20,1,2,7,NA,7,7,NA,7,NA,7,NA,7,6
"1014",26,2,2,5,NA,4,4,NA,4,NA,3,NA,1,6
"1015",24,1,1,4,NA,4,5,NA,4,NA,5,NA,5,6
"1016",23,2,2,3,NA,7,6,NA,5,NA,7,NA,6,6
"1017",21,1,1,5,NA,5,5,NA,5,NA,5,NA,5,6
"1018",18,2,2,5,NA,4,4,NA,4,NA,4,NA,4,6
"1019",18,2,1,1,NA,6,5,NA,4,NA,4,NA,5,6
